Unnamed: 0,Job Title,Company,Location,Salary($),Job-Type,Job-Description,Raw_Link,Scraped_On
0,"Data Scientist, Masters Degree (Machine Learning and Operations Research)",Procter & Gamble,"Cincinnati, OH 45202 (Mount Adams area)",Not Provided,Not Provided,As a Data Scientist for P&G you will drive productivity and impact our business results across a variety of platforms.,https://www.indeed.com/rc/clk?jk=664d97a5eb67e73b&bb=n5eZx6LO6ip-TBsjA4uBbzG2WbHrMI5tCGEOtjWR4pWWTKzQQG3okFkGF4S18MLmPPOaiU2GJJC8WreZvqffVrHTo1mbyQXxSGXjuXwT48N-8FKggiOGcA%3D%3D&xkcb=SoDZ67M3-F9spXyD1Z0LbzkdCdPP&fccid=2da0dedf6df97194&vjs=3,2024-07-13
1,Experienced Data Scientist (Machine Learning and Operations Research),Procter & Gamble,"Cincinnati, OH 45202 (Mount Adams area)","$105,000 - $150,000 a year",Full-time,As a Data Scientist for P&G you will drive productivity and impact our business results across a variety of platforms.,https://www.indeed.com/rc/clk?jk=d9db9133607c48c9&bb=n5eZx6LO6ip-TBsjA4uBbzx3VZ71COcC2jBx6ak7_HfyhQM5rYx5G_O7xizSGqlI5wEwmj3uu_TRsFGJMvcFhZ49griNpMDunxKyMaECltjkYirhlvFW-Q%3D%3D&xkcb=SoBt67M3-F9spXyD1Z0KbzkdCdPP&fccid=2da0dedf6df97194&vjs=3,2024-07-13
2,Technology Strategy & Advisory Consultant or Manager - Infrastructure Optimization and Modernization,Accenture,"Cincinnati, OH 45202 (Central Business District area)",Not Provided,Full-time,We are Technology Strategy and Advisory and we design and execute industry-relevant reinventions that allow organizations to realize exceptional business valueâ€¦,https://www.indeed.com/rc/clk?jk=39647b82a28b0a90&bb=n5eZx6LO6ip-TBsjA4uBb9nk_RiMbylAwZanBUI7PXd69YkAzZygKViSjpF9w3wSPSAl01IUsnU2mY12dm9d5Hjc8GdGXW2NiE2BAnNxaqLRk9dxJ5m01w%3D%3D&xkcb=SoDw67M3-F9spXyD1Z0JbzkdCdPP&fccid=a4e4e2eaf26690c9&vjs=3,2024-07-13
3,Assistant Vice President/Vice President of Advanced Analytics,Great American Insurance Company,"Cincinnati, OH 45202 (Central Business District area)",Not Provided,Full-time,Spearhead data science initiatives incorporating artificial intelligence and machine learning to optimize business processes and product offerings.,https://www.indeed.com/rc/clk?jk=7b816420a261a30b&bb=n5eZx6LO6ip-TBsjA4uBb06pzmpFjdN389Mx_RDVEiK0iCO8OshdoLyrJZMSLt9iWCTtg4eweL0jBo3wk4sRwo53eST1CcTVcHvv8M9BRn3aa5HczQyd8w%3D%3D&xkcb=SoBE67M3-F9spXyD1Z0IbzkdCdPP&fccid=11e7471668f88afd&vjs=3,2024-07-13
4,Summer Teacher,VineyardAppCamp,"Cincinnati, OH",Not Provided,Not Provided,"In this role, you will provide knowledge and instruction to eager students.
Previous classroom experience or camp counselor experience is a big plus.",https://www.indeed.com/rc/clk?jk=b4ff80798b21ee03&bb=n5eZx6LO6ip-TBsjA4uBb7zMmpvxjIcxfZsybDkVNuLIDNfBEFrEGieU7jryvNq0jYfMa-zZaw79cPWzghZ1lm7GPkrbmwABRO3iisSXb1--kLJsqMtvSOv3nmul1MTB&xkcb=SoDK67M3-F9spXyD1Z0PbzkdCdPP&fccid=0910db562570d0a7&cmp=VineyardAppCamp&ti=Teacher&vjs=3,2024-07-13
5,Post-Doc AI,Procter & Gamble,"Mason, OH 45040","$128,000 a year",Full-time,"We will a) segment micro-actions / sub-activities, b) determine effort required during specific tasks, c) assess time taken to complete a certain task, e.g.â€¦",https://www.indeed.com/rc/clk?jk=da11d3c6e2430bb5&bb=n5eZx6LO6ip-TBsjA4uBb_wQEVvEWn4CN0lwex9hXMlImAI9IAJEXcZ00vzjXCKkLlnQzauyu3VeQFHPVg_k-MBD2JbHLY6D83FWSTciEb-OsS__6kl5uA%3D%3D&xkcb=SoB-67M3-F9spXyD1Z0ObzkdCdPP&fccid=2da0dedf6df97194&vjs=3,2024-07-13
6,"Chief of Staff - Director, Strategy & Data Advanced Analytics (P2494)",84.51Â°,"Cincinnati, OH 45202 (Central Business District area)",Not Provided,Not Provided,"Champion AI Integration: Spearhead the development and implementation of the enterprise-wide artificial intelligence (AI) strategy, maximizing the value ofâ€¦",https://www.indeed.com/rc/clk?jk=65f7496c59272ce0&bb=n5eZx6LO6ip-TBsjA4uBb2bF2okDlW3Y6U1qcrupB0LnToj5CRFUEOfGCKymi-at9QtQH-XHTo_J4Ef9oWPLcWYWsNhiE7bicW9gEnUVQJNTPE3A_Cw0ZyPad7o9lIfE&xkcb=SoDj67M3-F9spXyD1Z0NbzkdCdPP&fccid=d1ae41cea4bc9f6e&vjs=3,2024-07-13
7,Senior Director Service Solutions Strategy,Johnson & Johnson,"Cincinnati, OH","$163,000 - $282,000 a year",Not Provided,"The Senior Director, Service Solutions Strategy, Surgery, will lead the development and execution of customer-first strategies and global governance of serviceâ€¦",https://www.indeed.com/rc/clk?jk=934ffb2b48bbe44f&bb=n5eZx6LO6ip-TBsjA4uBb2tyF71RjgmtgA6MYACXRpoJYuFG783Rvca7yDE3vE_oCkVy-LmR4ILp47LlhjcBJl6zzzpfe7JttwVKB6cZsKCTkWBUZa1KoJMIwBxqqW_z&xkcb=SoBX67M3-F9spXyD1Z0MbzkdCdPP&fccid=0bed8e17bc113980&vjs=3,2024-07-13
8,Senior Data Scientist,"Medpace, Inc.","Hybrid work in Cincinnati, OH 45227",Not Provided,Full-time,1-2 years direct experience applying machine learning to pharmaceutical or clinical data (or translatable artificial intelligence [ai] techniques);,https://www.indeed.com/rc/clk?jk=f37fabaa32bba8d2&bb=n5eZx6LO6ip-TBsjA4uBbwTAlGyN6t58NFRbhpvmXjocSwpZWfpm7SBgJ_8W6SAqcdCUN3gDI2Y2kHcMgut69GH_dfEY3LkHt0q_-FE2ydj6IhZa12wQdiv9JjVc_P39&xkcb=SoC-67M3-F9spXyD1Z0DbzkdCdPP&fccid=dc86b41d5cdf3527&vjs=3,2024-07-13
9,Senior Model Validator,U.S. Bank National Association,"Cincinnati, OH 45202 (Mount Adams area)","$116,280 - $150,480 a year",Full-time,This position is an individual contributor role residing within the Bankâ€™s Second Line of Defense Risk Management and Compliance organization.,https://www.indeed.com/rc/clk?jk=dc28d6255d539066&bb=n5eZx6LO6ip-TBsjA4uBb4l_WeD6kiKUDxiqte4tRAxeTdSaZs00QKSSSGiXTaHC0IGaz5Qg3w9R-rA05ruFZ0ErWFxIhKURVYPUCtSgwOmTTurPIUza_A%3D%3D&xkcb=SoAK67M3-F9spXyD1Z0CbzkdCdPP&fccid=ae5bfc395c530fbc&vjs=3,2024-07-13
10,Senior Informatician,"Medpace, Inc.","Hybrid work in Cincinnati, OH 45227",Not Provided,Full-time,1-2 years direct experience applying machine learning to pharmaceutical or clinical data (or translatable artificial intelligence [ai] techniques);,https://www.indeed.com/rc/clk?jk=25dfcc5dcc9ae5d5&bb=n5eZx6LO6ip-TBsjA4uBbxenn5zf_ob97Ta3vpHh2TBsW7dGNJ8Ai7GqSe9OCaJVaoorUoAsqTLtxKnR9AHOFvbq56afZrUvNAxAXBw55KhcuTqWzJLDl2S9fhSe0jlF&xkcb=SoCX67M3-F9spXyD1Z0BbzkdCdPP&fccid=dc86b41d5cdf3527&vjs=3,2024-07-13
11,Emerging Technology Product Manager,Great American Insurance Company,"Cincinnati, OH 45202 (Central Business District area)",Not Provided,Full-time,"The ideal candidate for this position will have the skills and experience necessary to:
Define and drive business priorities and project deliverables inâ€¦",https://www.indeed.com/rc/clk?jk=a42c0d33d5559218&bb=n5eZx6LO6ip-TBsjA4uBbx-cl6Hc5J0YAVUurdPapw4xUrEPYeiiaXlupmARjF3hUiCA6efn5ZJ5W589LNoV6tSLIshjKd5TEON1IJ77FMo9ig3u4-HwDQ%3D%3D&xkcb=SoAj67M3-F9spXyD1Z0AbzkdCdPP&fccid=11e7471668f88afd&vjs=3,2024-07-13
12,Industry X Engineering Consulting Consultant,Accenture,"Hybrid work in Cincinnati, OH 45202",Not Provided,Full-time,"A skillful engineering practitioner and advisor.
As a consultant, you will provide actionable insights to the worldâ€™s top organizations, helping them addressâ€¦",https://www.indeed.com/rc/clk?jk=7eddba6e69b55a6d&bb=n5eZx6LO6ip-TBsjA4uBb66xeIxbMnL-gZRfO-nqz_402B-QCUDl-WUuSZ2RGpnYzliIWD7KMc8hqXT5sWsAQPSPw1gx3fDoQcSdcnKd-ox16QrxPk5vnA%3D%3D&xkcb=SoCt67M3-F9spXyD1Z0HbzkdCdPP&fccid=a4e4e2eaf26690c9&vjs=3,2024-07-13
13,"Director, Machine Learning-Artificial Intelligence",Archer Daniels Midland Company,"Erlanger, KY",Not Provided,Monday to Friday,"Lead the development of artificial intelligence initiatives in an environment rich in complex biological, environmental, operational, and business data.",https://www.indeed.com/rc/clk?jk=73d474baf268a2e6&bb=n5eZx6LO6ip-TBsjA4uBbyGEyiiJYtbAe7Ka5D6-QMMr9vDBYW5ENKEVtx9rkbICbXbidzhsmRcdcwEQ04yH6Mb7allD6gDrUtY1dzF3j8IGijGQZewKwxmZcd1XiJqB&xkcb=SoAZ67M3-F9spXyD1Z0GbzkdCdPP&fccid=a46683ec51ead49e&vjs=3,2024-07-13
14,Life Sciences R&D Consulting Drug Safety Senior Manager,Accenture,"Cincinnati, OH 45202 (Central Business District area)",Not Provided,Full-time,"Define use cases and business cases for applying modern technology in the PV space, including digital and applied intelligence.",https://www.indeed.com/rc/clk?jk=d7372bef29a031e1&bb=n5eZx6LO6ip-TBsjA4uBb1EQ6Hzk4tuMAAP_cdVhSKaJH57LyAygZoWdegU5JG8S3f1Hb7xjgEJtZK0fXF8QBjgHRFhVyFpQhmSDhUwfLLRrQfUzBLBqhw%3D%3D&xkcb=SoCE67M3-F9spXyD1Z0FbzkdCdPP&fccid=a4e4e2eaf26690c9&vjs=3,2024-07-13
0,Technology Strategy & Advisory Consultant or Manager - Infrastructure Optimization and Modernization,Accenture,"Cincinnati, OH 45202 (Central Business District area)",Not Provided,Full-time,We are Technology Strategy and Advisory and we design and execute industry-relevant reinventions that allow organizations to realize exceptional business valueâ€¦,https://www.indeed.com/rc/clk?jk=39647b82a28b0a90&bb=MQLJ-5pE_g_7QA5DNMVvTl-Z6b8fdgTqy4f0YORduvco8UU9Yc3KzQLCx0rZsdJCh9TRdFATQceco7h3PjhBIx_XdclUKVG1SzwGHEAYQ99lem2_Fh6MQQ%3D%3D&xkcb=SoAg67M3-F9XvfyU9R0LbzkdCdPP&fccid=a4e4e2eaf26690c9&vjs=3,2024-07-13
1,EPA Postdoctoral Fellowship on Machine Learning Applications for Lead Service Line Identification,U.S. Environmental Protection Agency (EPA),"Cincinnati, OH","$71,984 - $86,279 a year",Not Provided,"Desired background and/or expertise includes data mining, statistics, machine learning, computer programming, artificial intelligence, and mathematics.",https://www.indeed.com/rc/clk?jk=bde58293827c8138&bb=MQLJ-5pE_g_7QA5DNMVvTiA5vsJtkVaLhyhscBnaXji1yTq-HFs9iMMhTaLdjNb1j8m6ZeqQTs7Vw333ajZOHV6Caut3PUMLASFp6TL6vqWnUwBJCU3VTkCoK13fNKjC&xkcb=SoCU67M3-F9XvfyU9R0KbzkdCdPP&fccid=c04c7b1b607f1cdc&vjs=3,2024-07-13
2,Life Sciences R&D Consulting Drug Safety Senior Manager,Accenture,"Cincinnati, OH 45202 (Central Business District area)",Not Provided,Full-time,"Define use cases and business cases for applying modern technology in the PV space, including digital and applied intelligence.",https://www.indeed.com/rc/clk?jk=d7372bef29a031e1&bb=MQLJ-5pE_g_7QA5DNMVvTnbeEnIfvm7aalpIH1Taq-pNMOiMhQL511z3k-QC-0BSRAwNZb6UZwG8whh74NZ7rbzl2sjVliM4NS9hg1RBso8LMUF9eMvBAA%3D%3D&xkcb=SoAJ67M3-F9XvfyU9R0JbzkdCdPP&fccid=a4e4e2eaf26690c9&vjs=3,2024-07-13
3,"Natural Resources Industry, Consulting Associate Director",Accenture,"Cincinnati, OH 45202 (Central Business District area)",Not Provided,Full-time,"Lead client engagements focused on digital transformation, operational excellence, and sustainability initiatives.",https://www.indeed.com/rc/clk?jk=9e94fbab1962164a&bb=MQLJ-5pE_g_7QA5DNMVvTrYP0c8HW8A43nX2LVg000m-gWB2GbxL7kHFuLeldjS-wFqKaX9FPOIDhxQe29UJ0aMBDPMI5h9nNdHm0XA4ZFNO2EazNtq8Zg%3D%3D&xkcb=SoC967M3-F9XvfyU9R0IbzkdCdPP&fccid=a4e4e2eaf26690c9&vjs=3,2024-07-13
4,Executive Office Administrator,NaviStone,"Hybrid work in Cincinnati, OH",Not Provided,Not Provided,"You will be responsible for providing high-level administrative support to the executive team, including scheduling and managing meetings and travelâ€¦",https://www.indeed.com/rc/clk?jk=46f6d75240ccddea&bb=MQLJ-5pE_g_7QA5DNMVvTlH7e76wWz35-sc1rciwnnsXhQ9o3f2bZ5PVsfA9rQ8pYwuuUq9D3Mrs2k-RyKTBO3yeaPvL8MUTaXs4ir5dINJdfc_xwN4qHHWh7syhxrIQ&xkcb=SoAz67M3-F9XvfyU9R0PbzkdCdPP&fccid=39494ee8d8006001&vjs=3,2024-07-13
5,COLLEGE CO-OP WASTEWATER ENGINEERING (Watershed Planning/LiDar),City of Cincinnati,"Cincinnati, OH 45202 (West End area)","$32,760.00 - $46,113.60 a year",Part-time,"Ability to utilize artificial intelligence and algorithms for use with analyzing video imagery.
All applicants should have availability for work scheduled 32 -â€¦",https://www.indeed.com/rc/clk?jk=235b1ec0e1ca0453&bb=MQLJ-5pE_g_7QA5DNMVvTgnGAmnMLfKzjQeWW3BZSD0nxsOkf6I0iD8ffwfjM6IrEl_RaSHUH4-5JWgHN8EZZ-DqG2f7-FbVmjKtNm-PLqpAofsFrrtuOYVKhgPMRfK5&xkcb=SoCH67M3-F9XvfyU9R0ObzkdCdPP&fccid=79d6146c220f0a50&vjs=3,2024-07-13
6,Assistant Vice President â€“ Indirect Sourcing,Genpact,"Cincinnati, OH",Not Provided,Not Provided,"The ideal candidate has a strategic demeanor â€“ specifically, the ability to bring together industry data, business requirements, regional perspectives, andâ€¦",https://www.indeed.com/rc/clk?jk=a629bb567634199d&bb=MQLJ-5pE_g_7QA5DNMVvTkgxLGgcwN1kkaXbE6JEzirl_0C0Fh1Pc_7FWfkZBRd688-REDHBSDetuHrjG--vumBMXbRX0kDj73ilpOEk0L94TT1xsb7xOSl8KcbQ9669&xkcb=SoAa67M3-F9XvfyU9R0NbzkdCdPP&fccid=afe30394bfba1470&vjs=3,2024-07-13
7,"Product Manager - Smart Audiences, Integrated Media Solutions",Procter & Gamble,"Cincinnati, OH 45202 (Mount Adams area)","$105,000 - $150,000 a year",Full-time,Owning the relationship with our categories to understand their needs and recommend audience data strategy while helping implement end to end.,https://www.indeed.com/rc/clk?jk=4e01fcbccb7119ab&bb=MQLJ-5pE_g_7QA5DNMVvTlMLONQm30u0aC1ldrvjBYqAbi9KAzQ_LY7X6R2msOLXLTdm60CJWzpu90rljXnomV5v8lG0e6oVudah80uCcIiyeD0lj4HVJw%3D%3D&xkcb=SoCu67M3-F9XvfyU9R0MbzkdCdPP&fccid=2da0dedf6df97194&vjs=3,2024-07-13
8,Experienced Scientist - Large Language Modeling,"Medpace, Inc.","Hybrid work in Cincinnati, OH 45227",Not Provided,Full-time,"Integrate artificial intelligence to support a chatbot feature to interact with the LLM.
You will collaborate closely with cross-functional teams, includingâ€¦",https://www.indeed.com/rc/clk?jk=717f1cc98d2d6e7c&bb=MQLJ-5pE_g_7QA5DNMVvTvlVPgMe-ePR5mar8YENqEunS-Lb17nB4ADxMkvKp6PtxFin3nUUXhBwGG2e6pXYDQHMkO4UIOROJEXoSdi7f97uo2iYQbOpCnNlF8gRsESr&xkcb=SoBH67M3-F9XvfyU9R0DbzkdCdPP&fccid=dc86b41d5cdf3527&vjs=3,2024-07-13
9,"Manager, Category Leadership, M&B",Campbell Soup Company,"Hybrid work in Cincinnati, OH",Not Provided,Full-time,"As a member of the Meals and Beverage team, the Category Leadership Manager will support Kroger and/or Albertsons using point-of-sale, loyalty and shopper dataâ€¦",https://www.indeed.com/rc/clk?jk=0a052401a0780cf3&bb=MQLJ-5pE_g_7QA5DNMVvTnojBpczESXKZLpcvFOi2HKqmSmFWnV4qb4w--i8TnTKBoC-RsoPF_OG1Y_Z2U5cOuom1ZVYz0TEiQ74PIelZugoRsh0gsldTw%3D%3D&xkcb=SoDz67M3-F9XvfyU9R0CbzkdCdPP&fccid=76c7d9c9adef7d87&vjs=3,2024-07-13
10,Consulting Account Partner (Aerospace),NLB Technology Services,"Cincinnati, OH 45203 (Central Business District area)","$250,000 - $260,000 a year",Full-time,"MBA from USA Tier 2 or Tier 3 colleges.
Engagement Manager/Senior Manager levels - need a hands-on candidate.
Order Book (TCV / ACV) â€“ Direct / Influenced.",https://www.indeed.com/rc/clk?jk=91c2f5107e84e1d2&bb=MQLJ-5pE_g_7QA5DNMVvTgvJai80u3aQXrrce6j1gVysq-Ik2tjlDLOOS-ByObnKdC2j8IEwG14Z9aLgtNHBbqTSqYi8AKESv_3ltHiGSsjhZxtZqy_vCLEfwWPnGHvZ&xkcb=SoBu67M3-F9XvfyU9R0BbzkdCdPP&fccid=968e6f8574f80ef1&cmp=NLB-Technology-Services&ti=Account+Executive&vjs=3,2024-07-13
11,Google Integrated Practice Leads,Accenture,"Cincinnati, OH 45202 (Central Business District area)",Not Provided,Full-time,"You will leverage your expertise in data, AI, and reinventing customer experiences to shape end-to-end digital transformations, unlocking the potential ofâ€¦",https://www.indeed.com/rc/clk?jk=7d5d54ab4249e2aa&bb=MQLJ-5pE_g_7QA5DNMVvTkC6w_ipy-HMfwC6LlDYh77y21MnfVKh40_5RV-JjVmjC06iQ18_itypN7gK_Wj8KzVFw7YLJgkCEPU2a5X2vPsOuQ7ZDikWtw%3D%3D&xkcb=SoDa67M3-F9XvfyU9R0AbzkdCdPP&fccid=a4e4e2eaf26690c9&vjs=3,2024-07-13
12,"Senior Director, Health Economics and Market Access - Robotics, Endomech and Energy Platforms",Johnson & Johnson,"Cincinnati, OH","$187,000 - $322,000 a year",Full-time,"The Senior Director, Health Economics & Market Access for the Robotics, Endomech and Energy Platforms, reporting to the Global Head of Strategy for Medtechâ€¦",https://www.indeed.com/rc/clk?jk=dd594be91714bf9f&bb=MQLJ-5pE_g_7QA5DNMVvTmMRTO9IuOYP4zpyDHf22LosHAa1otQbCFoyvz1l8ES3M-1qD2USPgUkmOnKZqxN2PtclN27VL24ZVmKhcG0RT1TYfUKPLDExMwMWTOzumK9&xkcb=SoBU67M3-F9XvfyU9R0HbzkdCdPP&fccid=0bed8e17bc113980&vjs=3,2024-07-13
13,Computer Vision Engineer,GE Aviation,"Evendale, OH",Not Provided,Not Provided,"Software development projects include cloud computing, parallelization, computational optimization, and object-oriented design and could include many otherâ€¦",https://www.indeed.com/rc/clk?jk=5a717b036e81c439&bb=MQLJ-5pE_g_7QA5DNMVvTub2Q-HbCN2Cj87vhaVVZcU1S6pbeDwFRp3Lm-rJ848Q1bCD6KYN1e-FSDqgmhRygJ5-cNHsv1x1xb09nWX_BwfFA7LM8w7eli8-o6TW7PWa&xkcb=SoDg67M3-F9XvfyU9R0GbzkdCdPP&fccid=aac6f2070b0f3775&vjs=3,2024-07-13
14,Emerging Technology Product Manager,Great American Insurance Company,"Cincinnati, OH 45202 (Central Business District area)",Not Provided,Full-time,"The ideal candidate for this position will have the skills and experience necessary to:
Define and drive business priorities and project deliverables inâ€¦",https://www.indeed.com/rc/clk?jk=a42c0d33d5559218&bb=MQLJ-5pE_g_7QA5DNMVvTk3StODWFe14kZe0qICZ-vSg87KTT9WYmvXi5JPb0LbIPPvChmh61c6VG-nkbbPDFBPcjlcOCTKjjPhCFiLvYFKgR45gY78wcg%3D%3D&xkcb=SoB967M3-F9XvfyU9R0FbzkdCdPP&fccid=11e7471668f88afd&vjs=3,2024-07-13
0,Sr. Data Scientist,Divisions Maintenance Group,"Cincinnati, OH 45202 (Central Business District area)",Not Provided,Full-time,"Reports To: Director of Engineering.
Divisions Maintenance Group provides facility maintenance services to retail chains and distribution and fulfillmentâ€¦",https://www.indeed.com/pagead/clk?mo=r&ad=-6NYlbfkN0ChMtQf-A3rcejQS8WENhkcJf0VCqx65V__yQ2A7vC4cTohnbztANPHjf0Z2ExYU5Gt0NDYMucmwIpLoELmp1zNpQ4oULGToYwdH-l6NEPp8R1uvq36pqb5X91AYYt0NFZtN3vi0C-NDM6j--ojpLrDw3oR8XXxereS2RHbRyZSkpMWACrDXuQNxPyZiZU3TGchmX7374A6y-Kz7Rvy0z8Gj1Yk1O4RG0mWMvYoHFSSUbr6_rLR2HZA0WV1OXBsnLhvsJcy3pN-4fU5QHcrIkQe4fodXqXZWemRvHfZ3OIOjGozWQbkXTF-p1XEAtaxWluzxmSG8xQGdgx2cpalzNdYK6HHvJ6gbgqVDrjcuy_tvBuw_rYo6nU0MNGlyg8w0EZsNDkmdMS067RrkLnru9e9ugBPLD0npk5khmmRvBQ0hMjtCwgi-n5hLePML1EW2avGwhSi2hyZkbidtJZ9eF8lop5t5_-6LtEJs8lqdVQ8PXf6OF5EPBueIyIHZJoabSnOFSO8BsLwWVkC4KEmewRNj8HrA9V6L6tlWs_SHGeDikwdVQbMo2NsUp2R3lLjKc-Oj59NSo1nSQM8FHh9iJtSGhXp-ik5P5tovRObzA3NtjthRnTL-Jg-7HD4qB_7SJ0=&xkcb=SoB96_M3-F9ocpQiNJ0LbzkdCdPP&camk=4HOcmqOLYrDx7hHhs_hYog==&p=0&fvj=0&vjs=3,2024-07-13
1,Strategic Operations Coordinator,Sterling St James LLC,"Cincinnati, OH","$85,000 - $100,000 a year",Not Provided,"Manage and optimize plant planning to enhance profitability, meet customer demand, and maximize capacity utilization.
Experience with Power BI and Excel.",https://www.indeed.com/pagead/clk?mo=r&ad=-6NYlbfkN0CChTSN4d50u5qN-BXcTLBZiSjD9WqntzHcfQP719PuLe8I4z9k9in0lgd_BWG1v1R5ko9EUdWr3yOlrtM51bjTUZvWS7-BPsIqKD5pin2hQkTrjjhHmHrbhC4eB9SixZ4NIBMNmFDxhxzHso8j-55v6jCPwPpgf_c8pT2O_rJulINA3nx1TsCuKf0LhpRfPtRbFC3Y3X-xBvw-JOsK-prVpbbeaVYozzo661WT_rYobjlIaZUPRsT63K5y_cO5Qp4dYqplimRy8heIV5KjU5oUskNowAc3_b8miktnB_BnZ22PxDEoyQjvaKM52ngcTipMVveRY_qWo_7fB0Qt3OEPH1-C3jzdDlkfKtusalW_627l7PGI4r83_Gd2HMVMgiK1jE5GE-t4YqGGvT5wpka05LcWdQW0Zyqv1G3I8Nug_-USUgnIp7V1w7A2XjY7xB9c6GZ7gyhPmElA4qu-Ipb8z8ysVEoTabDw5X-84tmgjwH1kM0CQ2KTolWkqhoFtCelov-okl9jd8TM3C8VwUQ3oaRcn1BlAF31gc8-yqAiNwdqXYRAtF5dF2zJT4JvIGAJ8Tv5_-5FouZi3FEb6ArFuVzzECE0_eEPg1wO8Q334BXyBnG_U18pHaBLQu4dHazUXSmXCIGnPoY_NCkMvoPE&xkcb=SoDJ6_M3-F9ocpQiNJ0KbzkdCdPP&camk=4HOcmqOLYrDMcOgxmtsh6Q==&p=1&fvj=0&vjs=3,2024-07-13
2,Computer Vision Engineer,GE Aviation,"Evendale, OH",Not Provided,Not Provided,"Software development projects include cloud computing, parallelization, computational optimization, and object-oriented design and could include many otherâ€¦",https://www.indeed.com/rc/clk?jk=5a717b036e81c439&bb=vB7T1JJE9rnggg_eofGIRWWPXE_dr4mTdE_VEKHczDwRzzxMKQ_xkHpDuqLgcfA3D_UbJnpIGGeeeUx2dmcN2Pyql2DrZPKrc0g2KGJCuUGQtG1yXh26YRbstEqNgRPv&xkcb=SoCg67M3-F9ocpQiNJ0JbzkdCdPP&fccid=aac6f2070b0f3775&vjs=3,2024-07-13
3,Engineer II-Systems (Linux),Cincinnati Childrens Hospital,"Cincinnati, OH",$34.50 - $43.54 an hour,Full-time,"Expected Starting Salary Range: 34.50 - 43.54.
Are you interested in joining one of the top pediatric hospitals in the country?
Scripting (bash and/or python).",https://www.indeed.com/rc/clk?jk=2fa0dd3e1a64ab67&bb=vB7T1JJE9rnggg_eofGIRcFmkm5i0wEcgo6qVRnmMW77umDFTjMaVXwXseCFvz6-oNE1uHxpwen2iycPGmDyNF9xCvRHLTtYEozYpMDejg8Ul96cgactndnw8k9ilT4_&xkcb=SoAU67M3-F9ocpQiNJ0IbzkdCdPP&fccid=1cf1d6e36473c700&vjs=3,2024-07-13
4,Privacy Director,Bon Secours Mercy Health,"Cincinnati, OH 45237 (Roselawn area)",Not Provided,Not Provided,"We are looking for a candidate who has researched regulatory law, has expert knowledge in HIPAA, has at least 5-7 years of experience in healthcare law â€¦",https://www.indeed.com/rc/clk?jk=2e607455fa0f40c9&bb=vB7T1JJE9rnggg_eofGIRbBV61QC4xADCevIgMon_0bytamGtpve5veC3oYWKW4i-qQAM1p0QVvHrOaz5LdIyPSmVZS-IN0QoCw-zwbZJpzVDQtNzzZn8tYdFUonp5O4&xkcb=SoCa67M3-F9ocpQiNJ0PbzkdCdPP&fccid=ea5b2d609693baee&vjs=3,2024-07-13
5,"Enterprise Architecture Consultant, Midwest",Accenture,"Cincinnati, OH 45202 (Central Business District area)",Not Provided,Full-time,"Technology Strategy & Advisory | Enterprise Architecture.
Accenture is a leading global professional services company that helps the worldâ€™s leading businesses,â€¦",https://www.indeed.com/rc/clk?jk=a3d39ab6fd345efc&bb=vB7T1JJE9rnggg_eofGIRfBNHJ3Klg7OptJzpPwrBZR9jtnweZFHNjOaEUeZpmSue0oPJnJFSKWQUafU4FqdXHgDxoMOa7yGyj6P25zHmL7pstwCekcOEQ%3D%3D&xkcb=SoAu67M3-F9ocpQiNJ0ObzkdCdPP&fccid=a4e4e2eaf26690c9&vjs=3,2024-07-13
6,Google Integrated Practice Leads,Accenture,"Cincinnati, OH 45202 (Central Business District area)",Not Provided,Full-time,"Join our team and be at the forefront of transforming businesses with the innovative power of the Google Platform.
As a strategic Google IPT Lead you will:",https://www.indeed.com/rc/clk?jk=7d5d54ab4249e2aa&bb=vB7T1JJE9rnggg_eofGIRbjlQS-ICN5chims8_C3U6oegMv0i9wFZBZcaAWi7p4EtNtXOX4SNCwYI3MvkmrgA9HaK85h6Yt2xgLbviHq58v7MhJmC6M9YQ%3D%3D&xkcb=SoCz67M3-F9ocpQiNJ0NbzkdCdPP&fccid=a4e4e2eaf26690c9&vjs=3,2024-07-13
7,Lead Business Analyst / Project Mgr - Automation & AI,altafiber,"Cincinnati, OH 45202 (Mount Adams area)",Not Provided,Not Provided,"Measuring results after implementation of new automation & artificial intelligence.
This position is responsible for spearheading Automation and AI initiativesâ€¦",https://www.indeed.com/rc/clk?jk=686ac747ac2c3706&bb=vB7T1JJE9rnggg_eofGIRbGCmg7dV9Moef5RsPUD3TBESLr8-xwwGoEfPM2OK2XbIA1PtkGj7nDD3Q4_pQOD1qeSxJ7_gLvqDGtRJ5TLlTHK64UOZAJcMWLMp6y2CkiX&xkcb=SoAH67M3-F9ocpQiNJ0MbzkdCdPP&fccid=0c2560ddd8d3f34d&vjs=3,2024-07-13
8,SAP BTP Consultant,Accenture,"Cincinnati, OH 45202 (Central Business District area)",Not Provided,Full-time,"We help our clients apply intelligence to set their business apart and make them more proactive, predictive and productive â€“ the power of the intelligentâ€¦",https://www.indeed.com/rc/clk?jk=c1f7583df0a1a9df&bb=vB7T1JJE9rnggg_eofGIRQX-kBaeL6wOzYSCLTE_7iE_VZ5tRvaysUOxHKYraJiigjWSFQRj6Vam-vKbNVfIxG4Kf4KzImJBN3dnrJ5_3x5BHpuv61zYDA%3D%3D&xkcb=SoDu67M3-F9ocpQiNJ0DbzkdCdPP&fccid=a4e4e2eaf26690c9&vjs=3,2024-07-13
9,Senior Cloud Security Engineer,Procter & Gamble,"Cincinnati, OH 45202 (Mount Adams area)","$105,000 - $150,000 a year",Full-time,Threat and Vulnerability Management: Proactively review threat intelligence and collaborate with Infosec partners to track and mitigate key threats to P&Gâ€¦,https://www.indeed.com/rc/clk?jk=31503715b72d26b4&bb=vB7T1JJE9rnggg_eofGIRe3ZX_WWwNRtTgh2A3yyqv3d5JStzTK5LhJg6pV-YacXsLS03Fde-5g9HAunxrLAO0R_6g15W-LY_6LCf6kVZe4qbtB328HIDw%3D%3D&xkcb=SoBa67M3-F9ocpQiNJ0CbzkdCdPP&fccid=2da0dedf6df97194&vjs=3,2024-07-13
10,Industry X - Manufacturing Digital Transformation Manager,Accenture,"Cincinnati, OH 45202 (Central Business District area)",Not Provided,Full-time,"Industry X combines Accentureâ€™s powerful digital capabilities with deep engineering and manufacturing expertise.
Find out more about Industry X.",https://www.indeed.com/rc/clk?jk=f8fa376a9b053bd4&bb=vB7T1JJE9rnggg_eofGIRZTQvCAJoCdcl_YcXulxi5P0Dnu_y2cThMJW3CIRAGd4SFE3xDmOFqsK2LpT7OO0UwLBrVsJStvTzW0RLuXfEvj0fBa_oh95QA%3D%3D&xkcb=SoDH67M3-F9ocpQiNJ0BbzkdCdPP&fccid=a4e4e2eaf26690c9&vjs=3,2024-07-13
11,Engineer â€“ NDE Imaging Intelligence,GE Aviation,"Evendale, OH",Not Provided,Not Provided,"Software development projects include cloud computing, parallelization, computational optimization, and object-oriented design and could include many otherâ€¦",https://www.indeed.com/rc/clk?jk=ac95a2d92a490840&bb=vB7T1JJE9rnggg_eofGIRX9Cmnph7k4WYgW-qhZQJIqfkUwRAVO62NvEhwLPVe-yUe69-wD8sFRJ3jQ1AynhkrROR3bBmptZxgeI5v2PDqFqtypmYR4W8VtTgqJxYJWF&xkcb=SoBz67M3-F9ocpQiNJ0AbzkdCdPP&fccid=aac6f2070b0f3775&vjs=3,2024-07-13
12,Director of Human Resources & Talent,CoStrategix LTD,"Blue Ash, OH 45242",Not Provided,Full-time,"Since 2006, CoStrategix has defined and implemented digital transformation initiatives, data & analytics capabilities, and digital commerce to Fortune 500 andâ€¦",https://www.indeed.com/rc/clk?jk=6e9f79c6cc2e45b3&bb=vB7T1JJE9rnggg_eofGIRfDlyr1cTXepSL_ZA8BlpTBm4ijCiG5olVX0dEHoWM0Hj2gl8I77YRtL_7C255u_YpBE97_TvIY1xGYin3Twz4oK1o70srtSWKIrNFYzDwOr&xkcb=SoD967M3-F9ocpQiNJ0HbzkdCdPP&fccid=f9393ae7f6e69895&vjs=3,2024-07-13
13,"VP, Analytics",Ensemble Health Partners,"Remote in Cincinnati, OH",Not Provided,Full-time,"Thank you for considering a career at Ensemble Health Partners!
Ensemble Health Partners is a leading provider of technology-enabled revenue cycle managementâ€¦",https://www.indeed.com/rc/clk?jk=957cafe4166b5ce6&bb=vB7T1JJE9rnggg_eofGIRfbNhTUJhkSuobftRwklK7_rKsjmzs0OXNacRR0JieqeW8lhvf0n5s1ZuR8Oq14P8dnGjl5uynXw2lOScO5QY6W8KaxlsE1nXdOuJs0lMmIJ&xkcb=SoBJ67M3-F9ocpQiNJ0GbzkdCdPP&fccid=1b19c6d163b9bf2c&vjs=3,2024-07-13
14,Supply Chain Strategy Manager - Midwest,Accenture,"Cincinnati, OH 45202 (Central Business District area)",Not Provided,Full-time,"We embed innovation, intelligence, and sustainability in the way the world makes and moves things while optimizing resources, keeping people safe, and ensuringâ€¦",https://www.indeed.com/rc/clk?jk=b1bed28aa2a92384&bb=vB7T1JJE9rnggg_eofGIRbb-lble5h0EvBqDx0DwqULb0C9DdgLheOubf6oLkob9ECyuRu2MeYN3PUU46W3tXMeqEvB_TR5Z8SyDJ1blAz7p4eu--aHq9A%3D%3D&xkcb=SoDU67M3-F9ocpQiNJ0FbzkdCdPP&fccid=a4e4e2eaf26690c9&vjs=3,2024-07-13
0,MRI Technologist,Insight Global,"Cincinnati, OH 45220 (CUF area)",$45 - $55 an hour,Full-time,"This group receives on average 30 patients per day and sees a lot of brain and spine cases (mainly outpatient).
ARRT or NMTCB, BLS/CPR.",https://www.indeed.com/pagead/clk?mo=r&ad=-6NYlbfkN0BKkHZu3wF05EeDimN_p6sYpKCMArvwa95YdH7UpkaBCkugsAQrRfiKpbMgfSGYRE77SuLYNqkqqjWJjmXwmj_rqGDowD0Dnx9sDq2Ts73d2Lh49wOJmSnWbwPo0kyelbYaY5lH0G9AKbVYjPRmeWDiNv_IenvXarck4OfYeluc3WiC1nsGyu9GcJV2rhhDStq8zvtAHAeLdDxtWJP9R0hZW7GxJTwfb2wBcmwFkxUv8ZuxXJl0TdnJHnzLs_XVjGJ7cbAKkpiVk4o12R_jfBh2YdOdvq8lvfqe8LG7uvA2OaX7wQcZf7N9iZgaYPQ2STmzbua5FCe1VmT4OIzdta6LAmGpQ18mH-Fdq0ANfb9TgROO1y5QbIvnRLncHzCpZUNrGtgcawLLDsb9LXPvozbEAg7gL-zCR5W4OdTKwM_Gnv0HtuTR1ScocuJ5ltO7BXocbRSVyMjEXyn9HK8WplHfE_o9kXV5OaYrTlMbZwdvVV-I8eETqD-q1gbNWb2O7xU9KpYLrd6g7-Wp6R1-q0Wz0uTc9wYTFGYew1g3VvdYcbpEExMMRZVaakJnY1e80FOUHzU8KqOYU6vcClrVt3A21Eri_W9Xg-SzRQGRm6o3MQ-aNQKrW-AIUwv8p0PEXBpH4XVrVtXNg-M9HvjVfcrn4NDbBc-rG9XzK7oCooEq21ub8zThSfdYG99YjChTxhg=&xkcb=SoDy6_M3-F9j-twd6J0LbzkdCdPP&camk=f416UQcMBpCq--nAFOCpnw==&p=0&fvj=1&vjs=3,2024-07-13
1,"Senior Principal or Principal Director, Legal and CLM Reinvention",Accenture,"Cincinnati, OH 45202 (Central Business District area)",Not Provided,Full-time,"Individuals in this role will have prior experience with:
Legal and/or CLM operating model assessment, design and transformation execution.",https://www.indeed.com/rc/clk?jk=29976bc9bd3c90e6&bb=e8Q5frUS3DshHb1VfNa37eOp1o8SCUoDL_9l-mljKZL6ElAtqF3B4dFxTunGKWE3P4P66O_sNoiGxzcqxNOIKu_z3ljGqTLbWMIJWoUXusMuBMBgFxc8hw%3D%3D&xkcb=SoCy67M3-F9j-twd6J0KbzkdCdPP&fccid=a4e4e2eaf26690c9&vjs=3,2024-07-13
2,Robotics Implementation Project Manager,Photoneo,"Hybrid work in Hebron, KY 41048","From $90,000 a year",Full-time,"Operations/Workflow - Dive deep into the customers existing operation and workflows, embed yourself in their team and use a combination of technicalâ€¦",https://www.indeed.com/rc/clk?jk=2729c23d1fd7dbdc&bb=e8Q5frUS3DshHb1VfNa37duOZ-nX1ZjLefomnkXJAgNcmSHWduD2CUcn7Yqo-GUyXPpV02Bkv8t5ri8duzKVTpggm7xcHJX8rwIvNtKDV_oO-D8rsjo5UzUGI5owfxMn&xkcb=SoAv67M3-F9j-twd6J0JbzkdCdPP&fccid=ada34303f2e8d4f3&cmp=BrightPick-by-Photoneo&ti=Implementation+Specialist&vjs=3,2024-07-13
3,Senior Cloud Engineer (P4172),84.51Â°,"Hybrid work in Cincinnati, OH 45202",Not Provided,Not Provided,"84.51Â° is a retail data science, insights and media company.
Powered by cutting-edge science, we utilize first-party retail data from more than 62 million U.S.â€¦",https://www.indeed.com/rc/clk?jk=d3140e28f6462d08&bb=e8Q5frUS3DshHb1VfNa37aKPiPxty1fEMT6PEOfut2XXkeeLUhN10hHBvhJ5sCwqK5VcRz3xj_IiCeSkdBriEZZZlU2FbbjBd9PkHV_0rKcpOS2ZOyw23GatKjjLT6Mc&xkcb=SoCb67M3-F9j-twd6J0IbzkdCdPP&fccid=d1ae41cea4bc9f6e&vjs=3,2024-07-13
4,Physician - Infectious Disease,The Christ Hospital Health Network,"Cincinnati, OH 45219 (Mt. Auburn area)",Not Provided,Full-time,"Six infectious diseases physician + one infectious diseases NP practice.
Hospital based practice at one facility / one hospital campus - no travel or commutingâ€¦",https://www.indeed.com/rc/clk?jk=6385c399907ef8a0&bb=e8Q5frUS3DshHb1VfNa37QrWdj7PMyaNDoMAG64N30TWm-aur95-I8YfjeKoZbfH7HgrATCwLWfKUCvQDZHGQpmE6CwLqizl10ntqQnxo8EPDp-kKt3T3NtF3QblfTSA&xkcb=SoAV67M3-F9j-twd6J0PbzkdCdPP&fccid=c5976ee7f33e652f&vjs=3,2024-07-13
5,US AWS Alliances Leader - Director,PRICE WATERHOUSE COOPERS,"Cincinnati, OH 45202 (Central Business District area)",Not Provided,Not Provided,"Support team to disrupt, improve and evolve ways of working when necessary.
Arrange and sponsor appropriate assignments and experiences to help people realiseâ€¦",https://www.indeed.com/rc/clk?jk=a9ad69916106633d&bb=e8Q5frUS3DshHb1VfNa37R1RkLNUn3uCjIVa-RmGf2b5dRWn8OOBapwdQX2rcHLbvAZm3FSPnnh1q65j3b_1xPP_3Gscg3l8bUxfpmGogQF3HV4MsI9TPSQaJy8ielVN&xkcb=SoCh67M3-F9j-twd6J0ObzkdCdPP&fccid=5e964c4afc56b180&vjs=3,2024-07-13
6,Sales Practitioner - Operations - Industry X,Accenture,"Remote in Cincinnati, OH 45202",Not Provided,Full-time,"Responsible for managing Accentures go-to-market for Industry X within specific industry segments, working closely with account teams and business servicesâ€¦",https://www.indeed.com/rc/clk?jk=1a22694f1c9a051d&bb=e8Q5frUS3DshHb1VfNa37WR_MF896xKvC80Qi4_BtaDS6UkLFMWoeyQJVCeWk_Uuu0MDOOPxNrV0yFpNa8ZiVqzU4wZSh04_JolyZnQLVubnAxnw8-TWpg%3D%3D&xkcb=SoA867M3-F9j-twd6J0NbzkdCdPP&fccid=a4e4e2eaf26690c9&vjs=3,2024-07-13
7,"Management Consulting Manager, Legal and CLM Reinvention",Accenture,"Cincinnati, OH 45202 (Central Business District area)",Not Provided,Full-time,"Individuals in this role will have Prior experince with:
Legal and/or CLM operating model assessment, design and transformation execution.
Travel is 0 to 100%.",https://www.indeed.com/rc/clk?jk=db6467d88a620860&bb=e8Q5frUS3DshHb1VfNa37egH9aIc8BEik5db_SgZ3-YwUOWmlEU5G2cI42gGYCa1CKhUkjjRBrldGOlMhf6hHZZYOXlJ3hi9z4093NilWA8GLKcqBgK27Q%3D%3D&xkcb=SoCI67M3-F9j-twd6J0MbzkdCdPP&fccid=a4e4e2eaf26690c9&vjs=3,2024-07-13
8,Physician - Dermatologist,The Christ Hospital Health Network,"Cincinnati, OH 45227 (Madisonville area)",Not Provided,Full-time,The position will include highly competitive compensation with full benefits package.,https://www.indeed.com/rc/clk?jk=05a629d8e7faacca&bb=e8Q5frUS3DshHb1VfNa37UIfzm8IcGkU-3hd8Evn8dyVXZpYhmZIS97RTjWN80UKbhPx8WF7vAIeF_o9-T2CBD-n5d3W0lRdhgz4-2rX_9oWpWzq1JtuPEkHtAusZk9t&xkcb=SoBh67M3-F9j-twd6J0DbzkdCdPP&fccid=c5976ee7f33e652f&vjs=3,2024-07-13
9,Financial Crimes Unit - Risk Architecture Data Scientist (Python/SQL) Senior Associate,PRICE WATERHOUSE COOPERS,"Cincinnati, OH 45202 (Central Business District area)",Not Provided,Not Provided,"Use feedback and reflection to develop self awareness, personal strengths and address development areas.
Delegate to others to provide stretch opportunities,â€¦",https://www.indeed.com/rc/clk?jk=b685632181954966&bb=e8Q5frUS3DshHb1VfNa37bGIp3RdcWqulGyLZo5olph1qfDANlCNwU36De0HZMx9RRmO_lgsCwUpCW5H3tkvq3g-LIqDlEUr4-76L-zX1qri0Q3CmEBP6pr-EIUm43Pv&xkcb=SoDV67M3-F9j-twd6J0CbzkdCdPP&fccid=5e964c4afc56b180&vjs=3,2024-07-13
10,Oracle Cloud PPM Consultant,Accenture,"Cincinnati, OH 45202 (Central Business District area)",Not Provided,Full-time,"A skilled consultant with Oracle Project Management Cloud expertise.
Have the desire to help clients meet the challenges of their Project Financial Managementâ€¦",https://www.indeed.com/rc/clk?jk=1b676356ab6ddaae&bb=e8Q5frUS3DshHb1VfNa37dTyY2XSVAG94TYpwcbvMBGEDcPvyLedryv9jNej3PQUvwBsjsrDdZfEFpgdbTbCNcJVMUdNAjwsoU7OgqIQdnkXi7f2l8XOGg%3D%3D&xkcb=SoBI67M3-F9j-twd6J0BbzkdCdPP&fccid=a4e4e2eaf26690c9&vjs=3,2024-07-13
11,Pulmonary Biology - Associate Professor - Research,Cincinnati Childrens Hospital,"Cincinnati, OH",Not Provided,Full-time,The Cincinnati Childrens Research Foundation invites applications for an Associate Professor in the Division of Pulmonary Biology.,https://www.indeed.com/rc/clk?jk=2648bea7b12573f5&bb=e8Q5frUS3DshHb1VfNa37e_aBCpSbbHgroZ1XI4Z_yoFrb_6U_TG-6ay59z8Avo0KJsz3AOU1W59KONIGMAEBVeO06OM3R_FQuCPzBu-oulAUixjkghJuJZHjVGZkxF6&xkcb=SoD867M3-F9j-twd6J0AbzkdCdPP&fccid=1cf1d6e36473c700&vjs=3,2024-07-13
12,Lead ML Engineer,Cincinnati Childrens Hospital,"Cincinnati, OH",$57.80 - $75.36 an hour,Full-time,"SUBFUNCTION DEFINITION: Designs, develops and deploys machine learning solutions to meet enterprise goals and support experimentation and innovation.",https://www.indeed.com/rc/clk?jk=68ea7f538b8a506c&bb=e8Q5frUS3DshHb1VfNa37SIw8L-TFmeJurG0weVWuDYd-uNbXGajC2uxeChx3ct0B_ITw--RIQG4mCesqNUgY7jrdxzpf7TsmLl7l_MVYayH8Dj04PzcGboxkMFfOBOd&xkcb=SoBy67M3-F9j-twd6J0HbzkdCdPP&fccid=1cf1d6e36473c700&vjs=3,2024-07-13
13,"Manager/Senior Manager, Enterprise Architecture",Accenture,"Cincinnati, OH 45202 (Central Business District area)",Not Provided,Full-time,We help our clients articulate a compelling business-driven vision and target state for Enterprise Architecture and develop roadmaps that guide successfulâ€¦,https://www.indeed.com/rc/clk?jk=5716784bf9a178a4&bb=e8Q5frUS3DshHb1VfNa37SIw8L-TFmeJLrDHX_nJBiTUeONyThdGYAgFVQpxutUHXlS1ZGLUAh5qDlmjUEpMpFMdj4BsSfLq_BWebEiPJ0Nnn5ytQ00mLw%3D%3D&xkcb=SoDG67M3-F9j-twd6J0GbzkdCdPP&fccid=a4e4e2eaf26690c9&vjs=3,2024-07-13
14,General Manager/Assistant General Manager,Willow Run Custom Bourbon,"Cincinnati, OH 45202 (Central Business District area)","$50,000 - $80,000 a year",Full-time,Bourbon Wizard â€“ AI & Bourbon Pick Experiences: An innovative tasting experience where artificial intelligence assists in selecting the perfect bourbon.,https://www.indeed.com/rc/clk?jk=88c7880185168d21&bb=e8Q5frUS3DshHb1VfNa37TAyi26ZRbP8PjjDWyTLiL2D4SqkQ_cgNPlw3Mbhhdw9y_039O2-sTQ9porhoJbkAF_pTHCmCw0kLeUeqOUiN1-biXcK1WkSMf1iEP9HRjMs&xkcb=SoBb67M3-F9j-twd6J0FbzkdCdPP&fccid=87d3165329cb7a94&cmp=Willow-Run-Custom-Bourbon&ti=General+Assistant&vjs=3,2024-07-13
0,Expanded Functions Dental Assistant,Dental Care of Fairfield,"Hamilton, OH 45011",$36 - $39 an hour,Full-time,"Plus weve got the cutest office puppy youve ever seen, with cuddles on demand.
Placing and adjusting composite fillings and buildups.",https://www.indeed.com/pagead/clk?mo=r&ad=-6NYlbfkN0BoOPnfKNE7m5f660-aTZCTl_yS0-j0qe1izpblM2nxZvq2Z4SpS69lP4Al5I593e0165_7braAB80_VLfyMfG5sQdVnaIG1JE7-gQZiVaVESXeasEFrYpLCvLb0cwkxGB3AuDXOe_sNgjPpeGHZhS9JJD0AaLHlIPhNjTLKHkfdCdx2YEfDPvGrK5TYXTQ31usd6u5w9fLTb-1U72munjkkjIfJGC44g8O_yC23ieGYjj9h2ynnD_ee3THaMOExdJrUHp8C_AEOzC8clPQ-VkNEf0zzGgSqT9qcko_WhaDpn4uiltAt3KVQpmK4_6_J2Xhq8Zm1ieBSpuUqFup_iTIj9xz1OdNpl0Ijttd08BC0zwdsneLZPolvQWtH3wLQMFN9sJOrSI3qaIigHH0YhcJGVWmqJlu7reBadcRy-Zt8m-_VJlh-m-uBDCoD3GSUCEzFxQh9OsNIz83KNpStWdSLQTJ_beWoXfj6m4Au_DRVbMc9nrdXl8PLCZ0o34VTvxjEE66zwqFs4FsDcjAVSgQ9Vywc489yOx1wfKsq3p89FI3RWwETUWVcTERYYEYDuV3w-0aVZAPa5bEtES-NHwb2qb1mQAaujv0Um6HScKhZhlYPwQjE0Bu9lREmFJbLCFJpjFm3p8rN6hSGVe5S5fyCud8Tm8unuJC_1bZr-0dzsUdMo8PA04ijYhL4yIFQ5c=&xkcb=SoDd6_M3-F9-eqwiNJ0LbzkdCdPP&camk=nUmJqO2E8rg3NEAFCsRZKQ==&p=0&fvj=1&vjs=3,2024-07-13
1,Data Engineer II (SAP),Archer Daniels Midland Company,"Erlanger, KY",Not Provided,Not Provided,"Data Engineer/Analyst will work on designing, building, and implementing a data foundation to support a strategic analytics project that drives strategic growthâ€¦",https://www.indeed.com/pagead/clk?mo=r&ad=-6NYlbfkN0DVlfsYqj6uSOttgSs6lrtrWfsSQ0W0ZovjeZ4JSZxeMM4o63VxLWKiM1XUuxFENXwOFe-ac3iuq40SSceTRDgaJCdjnhLZkN_9lFMVEvfItgcB-PlzD21RwR6wGINTmW3Ce0hFUKPlUyl71sAmDJ3TtNNwEODT76Vusno-Kg9tfCqnZHLu0ug6mv3HLBT0-zwMJEIxJnczJNkWKCVM5u_l2_b6gVZHrSFpkLGqGuVuMUtw5AvngKkbneSvhEaoN7Y9yoaiMCcR0ld_Z_jnjFxWf0uum01PuijM02M85CPItcaiBP2V8AgtwHonP265felCaFyKy4uecX14BJO_FR2ZWYGKP3vYUnu96PN77eDPlPI5ffUGnTSZyRLFCh63Du4dTvkyVLTslDBNi6QmxM0YsEFaIeYzFj_Iei66U3a-rm0y-ojfv5oUlFdWyoflOluET2y1SYX-YfamARUSc5WtTMcEWURO3sycxwL4nWysFpOCn1Ti9VZLm6dcQ8gd-X4bdwY-AbEIxfSucfd-ly2XekRGBHVmVqVqbPDvaqf-ppMEuW5uVuyefnIMN5nCU6hWVMc07linJO40uLOD9TMlrCLnlCuQjP0BiI8J2rC7T10TfoziRqM8QIGjh2FncH6XGjdRsBxK71ThML1unnXDyDqafMrs-EecVOJzVmfFIvNA3XIelZk2_AzfvSSec6BSwbx_3aGSftH5tnI8YgDjzdMz-om4kZEszR-d6rCmnDRYQ6KTGmGIPrtV7OJVL4EZ9-ZJT7FVwqgDIzZUTHmA&xkcb=SoBp6_M3-F9-eqwiNJ0KbzkdCdPP&camk=G42KULXkIwOb9jXV6K66FQ==&p=1&fvj=0&vjs=3,2024-07-13
2,Industry X - Digital Manufacturing Solution Architect,Accenture,"Hybrid work in Cincinnati, OH 45202",Not Provided,Full-time,"And when it comes to problem-solving, your creative and analytical abilities shift into high gear.
Produce attractive, cost-effective solutions that willâ€¦",https://www.indeed.com/rc/clk?jk=7c401944c83877c2&bb=q1jAV1pDt7y1cszrXM0KrxGYaQFuwxN2lt1jxfMEfbtShC4GJ23RiYsOMP0Z4B4VVtxjSdBDhkX745lp62-LlsIalPUyxADn1bO-1vBSn2q1SGfWJojzCA%3D%3D&xkcb=SoAA67M3-F9-eqwiNJ0JbzkdCdPP&fccid=a4e4e2eaf26690c9&vjs=3,2024-07-13
3,Pulmonary Biology - Assistant Professor - Research,Cincinnati Childrens Hospital,"Cincinnati, OH",Not Provided,Full-time,Cincinnati Childrens Research Foundation invites applications for an Assistant Professor position in the Division of Pulmonary Biology.,https://www.indeed.com/rc/clk?jk=f9a83f88250f333f&bb=q1jAV1pDt7y1cszrXM0Kr9QYuE2AJree1H_sZddDYpCa0EiSF08GEAw5M9O7iShuTWgnOaWskZJcap-8xHhl4dD_MCMnOytP2dSICKtBrgDaqdPqC8gBhHBmWpaIsqbE&xkcb=SoC067M3-F9-eqwiNJ0IbzkdCdPP&fccid=1cf1d6e36473c700&vjs=3,2024-07-13
4,Intelligent Automation Portfolio Architect,Great American Insurance Company,"Cincinnati, OH 45202 (Central Business District area)",Not Provided,Full-time,"The role involves working with the Great American Divisions to help them define both tactical and cutting-edge solutions using Robotic, cognitive automation, AIâ€¦",https://www.indeed.com/rc/clk?jk=223239949c9f5b17&bb=q1jAV1pDt7y1cszrXM0Krz-GeH5fKVSbXKUbVHiZ4LfeDh8YzmNGi3TB4mkY-GRwEb_f6XwH_Adx2oAx9r-rmy2qRLaCPV4Tk71nBM-gwS_TbDRrmtASgg%3D%3D&xkcb=SoA667M3-F9-eqwiNJ0PbzkdCdPP&fccid=11e7471668f88afd&vjs=3,2024-07-13
5,Marketing Director,Dean Dorton,"Fort Wright, KY 41011",Not Provided,Not Provided,"Dean Dorton is seeking a Marketing Director who will play a pivotal role in continuing to shape our brand identity, expanding our market presence, andâ€¦",https://www.indeed.com/rc/clk?jk=65eb5f0a5df9a99f&bb=q1jAV1pDt7y1cszrXM0Kr0VaeVJk4S-5K1vbimSWAXgvSsxc9PMppR5R-vnybSMu0VzNJKvE8h7-MoApb8V82t5QY7eGA1-AiGPy0XS0ntmZLOGR3zjvJYRiff4r6T2F&xkcb=SoCO67M3-F9-eqwiNJ0ObzkdCdPP&fccid=127b57be5b87155e&vjs=3,2024-07-13
6,"Manager, Contract Lifecycle Management (CLM) Reporting & AI",Deloitte,"Cincinnati, OH",Not Provided,Full-time,"The CLM Manager (Reporting and AI) utilizes their experience and expertise to establish, maintain, support, and enhance the US Firm CLM tools and products toâ€¦",https://www.indeed.com/rc/clk?jk=16c5ffd5977d5193&bb=q1jAV1pDt7y1cszrXM0Kr-2Vz1pBQpwyXDZFNLA-Q7uxjO-fwfZR1pn2CoFdg5rPVUFyncbT7hCNRWUAsI0_kzcX3NV69zsfas3tWX9KRBWg_10eQmuwdA%3D%3D&xkcb=SoAT67M3-F9-eqwiNJ0NbzkdCdPP&fccid=9e215d88a6b33622&vjs=3,2024-07-13
7,Microsoft Dynamics 365 Senior Manager,Deloitte,"Cincinnati, OH",Not Provided,Full-time,"Customer & Marketing is creating a new model for a new age-were an agency and a consultancy.
A Microsoft Dynamics CRM Senior Manager works with Microsoftâ€¦",https://www.indeed.com/rc/clk?jk=6c2ffb12eb326eae&bb=q1jAV1pDt7y1cszrXM0Kr6jDJ50GJsYg4zqbiQmIvc4LRDrsDtKbefJBQS-ANV0-mJJv6VPaCa4L445BvvkRsVICCd43R9YGeFcO_tlSwtJLEt9WvM0UIQ%3D%3D&xkcb=SoCn67M3-F9-eqwiNJ0MbzkdCdPP&fccid=9e215d88a6b33622&vjs=3,2024-07-13
8,BPO Solution Architect Senior Manager,Accenture,"Remote in Cincinnati, OH 45202",Not Provided,Full-time,"Developing and maintaining a keen understanding of the health industry, marketplace intelligence trends, competition, emerging capabilities, analytics, toolsâ€¦",https://www.indeed.com/rc/clk?jk=6e939525aab38a7b&bb=q1jAV1pDt7y1cszrXM0Kr8pXIfNFPuiA1XpWGEfVaAhFkK3hG0fR2LsmyNOc46VZhBtuEeZkp-JE5ni_oYVDYXpG6vj7LZ6bisEPbKPyZSFV_dWLhgr9ww%3D%3D&xkcb=SoBO67M3-F9-eqwiNJ0DbzkdCdPP&fccid=a4e4e2eaf26690c9&vjs=3,2024-07-13
9,SAP Finance/Group Reporting Lead,Accenture,"Cincinnati, OH 45202 (Central Business District area)",Not Provided,Full-time,"We even built myConcerto, a mix of SAP and Accenture that helps lead our clients to big wins.
Build SAP ERP technology solutions that transform clientsâ€™ Financeâ€¦",https://www.indeed.com/rc/clk?jk=3c86ad20e1770742&bb=q1jAV1pDt7y1cszrXM0KrzPFjbEiJUd3t7KdByay7t9FZMvsYWYPJWYbHzE-7Jq09P5d971gGvPRFoL6HUZPcTEafmR4r3JDvT32pI9xLwxmyNGrqy1cgA%3D%3D&xkcb=SoD667M3-F9-eqwiNJ0CbzkdCdPP&fccid=a4e4e2eaf26690c9&vjs=3,2024-07-13
10,Project Management Tech Delivery Senior Associate,PRICE WATERHOUSE COOPERS,"Remote in Cincinnati, OH 45202",Not Provided,Not Provided,"Use feedback and reflection to develop self awareness, personal strengths and address development areas.
Delegate to others to provide stretch opportunities,â€¦",https://www.indeed.com/rc/clk?jk=d5524415f7d1b916&bb=q1jAV1pDt7y1cszrXM0Kr7_Pbxn_DRqRnhylvt4JudOV7_eAvxJotNzZjhEw6yR8DAkIMFHO9XVyndDq9eT0Ij_urCsQkOIegnLz_1zMqAzmHpAqrTB6G2rScx4XI8UZ&xkcb=SoBn67M3-F9-eqwiNJ0BbzkdCdPP&fccid=5e964c4afc56b180&vjs=3,2024-07-13
11,Digital Contact Solutions Senior Associate,PRICE WATERHOUSE COOPERS,"Remote in Cincinnati, OH 45202",Not Provided,Not Provided,"We focus on a collection of organisational technology capabilities, including business intelligence, data management, and data assurance that help our clientsâ€¦",https://www.indeed.com/rc/clk?jk=bc19bd18fd0159b8&bb=q1jAV1pDt7y1cszrXM0Kr0JgClF_1GzLzIeHyEjKDhv5ySn3zA4qWHwrjewtuTyzLxjCoCXs2NJH8PnM7krlD3lFvNbenjpkaLfEoeV41KYrwf3QToS3eq1nbYZ0KkOg&xkcb=SoDT67M3-F9-eqwiNJ0AbzkdCdPP&fccid=5e964c4afc56b180&vjs=3,2024-07-13
12,Digital Contact Solutions Manager,PRICE WATERHOUSE COOPERS,"Remote in Cincinnati, OH 45202",Not Provided,Not Provided,"We focus on a collection of organisational technology capabilities, including business intelligence, data management, and data assurance that help our clientsâ€¦",https://www.indeed.com/rc/clk?jk=24e1356c9c2ef445&bb=q1jAV1pDt7y1cszrXM0Kr5-z3r8WOlYv56hHw0WyRORA5QFR9XZ_9vYtly25yKCvC83rSRee3DqOB-XpGDBLpgll2hq2mWY22x-M0mMQ7H72pqbl_8Rz8ATpTdVM3JWe&xkcb=SoBd67M3-F9-eqwiNJ0HbzkdCdPP&fccid=5e964c4afc56b180&vjs=3,2024-07-13
13,CFO and EV Strategy Senior Manager,Accenture,"Cincinnati, OH 45202 (Central Business District area)",Not Provided,Full-time,"In CFO&EV we help CFOs and Finance executives navigate through, and capitalize on, digital disruption, from vision to value for the enterprise.",https://www.indeed.com/rc/clk?jk=413845a454e79179&bb=q1jAV1pDt7y1cszrXM0Kr9eQ_00C4Piq_eRCcQEbc_Zu1kBsdNw6iiAIMVFuv6iok9Aj3jEVmyXPvXOlqsCrpHlm1U1O1jgbmM0SqRkPpQ46frJGvyVqoQ%3D%3D&xkcb=SoDp67M3-F9-eqwiNJ0GbzkdCdPP&fccid=a4e4e2eaf26690c9&vjs=3,2024-07-13
14,"Manager, Cyber Architecture and Engineering",KPMG,"Cincinnati, OH 45202 (Central Business District area)",Not Provided,Not Provided,Apply a thorough knowledge of IT security and architecture to manage day-to-day operational responsibilities of a comprehensive information security programâ€¦,https://www.indeed.com/rc/clk?jk=6cd5b724ac0a0aa3&bb=q1jAV1pDt7y1cszrXM0Kr0JgClF_1GzLe7bx1jSLigmQ61PLGFSBCt1jBvYvOsteH0wgBL9aR2xEiaNajHvqEK5XlCx1OkzAtQBAwVQPhJI4N0kvrzejJA%3D%3D&xkcb=SoB067M3-F9-eqwiNJ0FbzkdCdPP&fccid=2dd390c3a48a7ed0&vjs=3,2024-07-13
